"","temp","qds"
"1",10,4.51115008724366
"2",15,4.07800233786759
"3",20,3.28020278379142
"4",25,2.15187487634814
